domain,group
ado.kuveytturk.com.tr,kuveytturk.com.tr
airapi.kuveytturk.com.tr,kuveytturk.com.tr
air.kuveytturk.com.tr,kuveytturk.com.tr
akademi.kuveytturk.com.tr,kuveytturk.com.tr
analytics.kuveytturk.com.tr,kuveytturk.com.tr
android.kuveytturk.com.tr,kuveytturk.com.tr
apiast.kuveytturk.com.tr,kuveytturk.com.tr
apiastprep.kuveytturk.com.tr,kuveytturk.com.tr
apiasttest.kuveytturk.com.tr,kuveytturk.com.tr
api.kuveytturk.com.tr,kuveytturk.com.tr
apitest.kuveytturk.com.tr,kuveytturk.com.tr
apix.kuveytturk.com.tr,kuveytturk.com.tr
app.kuveytturk.com.tr,kuveytturk.com.tr
appsentry.kuveytturk.com.tr,kuveytturk.com.tr
appt.kuveytturk.com.tr,kuveytturk.com.tr
as.kuveytturk.com.tr,kuveytturk.com.tr
astvideocall.kuveytturk.com.tr,kuveytturk.com.tr
astvideocallprep.kuveytturk.com.tr,kuveytturk.com.tr
astvideocalltest.kuveytturk.com.tr,kuveytturk.com.tr
authsso.kuveytturk.com.tr,kuveytturk.com.tr
autodiscover.kuveytturk.com.tr,kuveytturk.com.tr
av.kuveytturk.com.tr,kuveytturk.com.tr
banklogin.kuveytturk.com.tr,kuveytturk.com.tr
banklogintest.kuveytturk.com.tr,kuveytturk.com.tr
bilgi.kuveytturk.com.tr,kuveytturk.com.tr
bizeyazin.kuveytturk.com.tr,kuveytturk.com.tr
blapi.kuveytturk.com.tr,kuveytturk.com.tr
boacloud.kuveytturk.com.tr,kuveytturk.com.tr
boa.kuveytturk.com.tr,kuveytturk.com.tr
boalite.kuveytturk.com.tr,kuveytturk.com.tr
boaonearchi.kuveytturk.com.tr,kuveytturk.com.tr
boaonecorporatetest.kuveytturk.com.tr,kuveytturk.com.tr
boaone.kuveytturk.com.tr,kuveytturk.com.tr
boaprepdaily.kuveytturk.com.tr,kuveytturk.com.tr
boaprep.kuveytturk.com.tr,kuveytturk.com.tr
boareports.kuveytturk.com.tr,kuveytturk.com.tr
boatest.kuveytturk.com.tr,kuveytturk.com.tr
cebimpos.kuveytturk.com.tr,kuveytturk.com.tr
cebimpospay.kuveytturk.com.tr,kuveytturk.com.tr
cebimpospayprep.kuveytturk.com.tr,kuveytturk.com.tr
cebimpospaytest.kuveytturk.com.tr,kuveytturk.com.tr
cebimpostest.kuveytturk.com.tr,kuveytturk.com.tr
chatbot.kuveytturk.com.tr,kuveytturk.com.tr
cmn.kuveytturk.com.tr,kuveytturk.com.tr
content.kuveytturk.com.tr,kuveytturk.com.tr
contenttest.kuveytturk.com.tr,kuveytturk.com.tr
coremam.kuveytturk.com.tr,kuveytturk.com.tr
coturnast1.kuveytturk.com.tr,kuveytturk.com.tr
coturnast2.kuveytturk.com.tr,kuveytturk.com.tr
coturnast3.kuveytturk.com.tr,kuveytturk.com.tr
coturnastprep1.kuveytturk.com.tr,kuveytturk.com.tr
coturnastprep2.kuveytturk.com.tr,kuveytturk.com.tr
coturnastprep.kuveytturk.com.tr,kuveytturk.com.tr
coturnastprep.kuveytturk.com.tr,kuveytturk.com.tr
coturnasttest.kuveytturk.com.tr,kuveytturk.com.tr
cprotdfp.kuveytturk.com.tr,kuveytturk.com.tr
cprotead.kuveytturk.com.tr,kuveytturk.com.tr
cproteadt.kuveytturk.com.tr,kuveytturk.com.tr
da.kuveytturk.com.tr,kuveytturk.com.tr
dev-kuveytturk-developer.kuveytturk.com.tr,kuveytturk.com.tr
dev-kuveytturk-gateway.kuveytturk.com.tr,kuveytturk.com.tr
dev-kuveytturk-identityserver.kuveytturk.com.tr,kuveytturk.com.tr
dev-kuveytturk-portalapi.kuveytturk.com.tr,kuveytturk.com.tr
dialin.kuveytturk.com.tr,kuveytturk.com.tr
digitalchild.kuveytturk.com.tr,kuveytturk.com.tr
dijitaltakvim.kuveytturk.com.tr,kuveytturk.com.tr
dijitaltakvimtest.kuveytturk.com.tr,kuveytturk.com.tr
dl.kuveytturk.com.tr,kuveytturk.com.tr
dlp.kuveytturk.com.tr,kuveytturk.com.tr
dogrula.kuveytturk.com.tr,kuveytturk.com.tr
drcda.kuveytturk.com.tr,kuveytturk.com.tr
drcexpe.kuveytturk.com.tr,kuveytturk.com.tr
drcvpn.kuveytturk.com.tr,kuveytturk.com.tr
dt.kuveytturk.com.tr,kuveytturk.com.tr
ebys.kuveytturk.com.tr,kuveytturk.com.tr
efs.kuveytturk.com.tr,kuveytturk.com.tr
egitim.kuveytturk.com.tr,kuveytturk.com.tr
ekspertiz.kuveytturk.com.tr,kuveytturk.com.tr
ekstre.kuveytturk.com.tr,kuveytturk.com.tr
enroll.kuveytturk.com.tr,kuveytturk.com.tr
eumdev.kuveytturk.com.tr,kuveytturk.com.tr
eum.kuveytturk.com.tr,kuveytturk.com.tr
expdev.kuveytturk.com.tr,kuveytturk.com.tr
expe.kuveytturk.com.tr,kuveytturk.com.tr
external.kuveytturk.com.tr,kuveytturk.com.tr
externalprep.kuveytturk.com.tr,kuveytturk.com.tr
externaltest.kuveytturk.com.tr,kuveytturk.com.tr
fikrinn.kuveytturk.com.tr,kuveytturk.com.tr
finans.kuveytturk.com.tr,kuveytturk.com.tr
finansmarket.kuveytturk.com.tr,kuveytturk.com.tr
finansmarketpilot.kuveytturk.com.tr,kuveytturk.com.tr
finansmarketprep.kuveytturk.com.tr,kuveytturk.com.tr
finansmarkettest.kuveytturk.com.tr,kuveytturk.com.tr
finnet.kuveytturk.com.tr,kuveytturk.com.tr
foreks.kuveytturk.com.tr,kuveytturk.com.tr
forekstrade.kuveytturk.com.tr,kuveytturk.com.tr
forekstradetest.kuveytturk.com.tr,kuveytturk.com.tr
foreksuitest.kuveytturk.com.tr,kuveytturk.com.tr
fx-callbackservicedev.kuveytturk.com.tr,kuveytturk.com.tr
fx-callbackservice.kuveytturk.com.tr,kuveytturk.com.tr
goast.kuveytturk.com.tr,kuveytturk.com.tr
goastprep.kuveytturk.com.tr,kuveytturk.com.tr
goasttest.kuveytturk.com.tr,kuveytturk.com.tr
goldsendtest.kuveytturk.com.tr,kuveytturk.com.tr
hce.kuveytturk.com.tr,kuveytturk.com.tr
hceprep.kuveytturk.com.tr,kuveytturk.com.tr
hcetest.kuveytturk.com.tr,kuveytturk.com.tr
id.kuveytturk.com.tr,kuveytturk.com.tr
idprep.kuveytturk.com.tr,kuveytturk.com.tr
idtest.kuveytturk.com.tr,kuveytturk.com.tr
indir.kuveytturk.com.tr,kuveytturk.com.tr
internetbranchprep.kuveytturk.com.tr,kuveytturk.com.tr
internetbranchtest.kuveytturk.com.tr,kuveytturk.com.tr
ios.kuveytturk.com.tr,kuveytturk.com.tr
ipotek.kuveytturk.com.tr,kuveytturk.com.tr
isubedev.kuveytturk.com.tr,kuveytturk.com.tr
isube.kuveytturk.com.tr,kuveytturk.com.tr
isubepilot.kuveytturk.com.tr,kuveytturk.com.tr
isubeprep.kuveytturk.com.tr,kuveytturk.com.tr
isubetest.kuveytturk.com.tr,kuveytturk.com.tr
iyikicepte.kuveytturk.com.tr,kuveytturk.com.tr
iyikiceptetest.kuveytturk.com.tr,kuveytturk.com.tr
janusast.kuveytturk.com.tr,kuveytturk.com.tr
janusastprep.kuveytturk.com.tr,kuveytturk.com.tr
janusasttest.kuveytturk.com.tr,kuveytturk.com.tr
karantina.kuveytturk.com.tr,kuveytturk.com.tr
kas.kuveytturk.com.tr,kuveytturk.com.tr
kasm.kuveytturk.com.tr,kuveytturk.com.tr
keycloakdev.kuveytturk.com.tr,kuveytturk.com.tr
ktma.kuveytturk.com.tr,kuveytturk.com.tr
ktmobile.kuveytturk.com.tr,kuveytturk.com.tr
kurumsal.kuveytturk.com.tr,kuveytturk.com.tr
kurumsaltest.kuveytturk.com.tr,kuveytturk.com.tr
kuveytturk.com.tr,kuveytturk.com.tr
lc.kuveytturk.com.tr,kuveytturk.com.tr
linkast.kuveytturk.com.tr,kuveytturk.com.tr
linkastprep.kuveytturk.com.tr,kuveytturk.com.tr
linkasttest.kuveytturk.com.tr,kuveytturk.com.tr
localapps.kuveytturk.com.tr,kuveytturk.com.tr
mail2.bilgi.kuveytturk.com.tr,kuveytturk.com.tr
mail2.cmn.kuveytturk.com.tr,kuveytturk.com.tr
mail2.kuveytturk.com.tr,kuveytturk.com.tr
mail3.kuveytturk.com.tr,kuveytturk.com.tr
mail4.kuveytturk.com.tr,kuveytturk.com.tr
mail.bilgi.kuveytturk.com.tr,kuveytturk.com.tr
mail.cmn.kuveytturk.com.tr,kuveytturk.com.tr
mailowa.kuveytturk.com.tr,kuveytturk.com.tr
mailsentry.kuveytturk.com.tr,kuveytturk.com.tr
mam.kuveytturk.com.tr,kuveytturk.com.tr
managementapi.kuveytturk.com.tr,kuveytturk.com.tr
mdmmag.kuveytturk.com.tr,kuveytturk.com.tr
mdmseg.kuveytturk.com.tr,kuveytturk.com.tr
mebosstst.kuveytturk.com.tr,kuveytturk.com.tr
meet.kuveytturk.com.tr,kuveytturk.com.tr
mgwd.kuveytturk.com.tr,kuveytturk.com.tr
mgw.kuveytturk.com.tr,kuveytturk.com.tr
mgwt.kuveytturk.com.tr,kuveytturk.com.tr
milesandsmiles.kuveytturk.com.tr,kuveytturk.com.tr
misafir.kuveytturk.com.tr,kuveytturk.com.tr
mobileprep.kuveytturk.com.tr,kuveytturk.com.tr
mobiletool.kuveytturk.com.tr,kuveytturk.com.tr
mobilevideocall.kuveytturk.com.tr,kuveytturk.com.tr
mobilevideocallprep.kuveytturk.com.tr,kuveytturk.com.tr
mobilevideocalltest.kuveytturk.com.tr,kuveytturk.com.tr
mobilevideoturn.kuveytturk.com.tr,kuveytturk.com.tr
mobilevideoturnprep.kuveytturk.com.tr,kuveytturk.com.tr
mobilevideoturntest.kuveytturk.com.tr,kuveytturk.com.tr
mobilimza.kuveytturk.com.tr,kuveytturk.com.tr
msisdn.kuveytturk.com.tr,kuveytturk.com.tr
msisdntest.kuveytturk.com.tr,kuveytturk.com.tr
mx1.email.kuveytturk.com.tr,kuveytturk.com.tr
mx1.gonderi.kuveytturk.com.tr,kuveytturk.com.tr
mx1.ileti.kuveytturk.com.tr,kuveytturk.com.tr
mx2.email.kuveytturk.com.tr,kuveytturk.com.tr
mx2.gonderi.kuveytturk.com.tr,kuveytturk.com.tr
mx2.ileti.kuveytturk.com.tr,kuveytturk.com.tr
nakitex.kuveytturk.com.tr,kuveytturk.com.tr
netcore.kuveytturk.com.tr,kuveytturk.com.tr
netcoretest.kuveytturk.com.tr,kuveytturk.com.tr
net.kuveytturk.com.tr,kuveytturk.com.tr
netpos.kuveytturk.com.tr,kuveytturk.com.tr
nettahsilat.kuveytturk.com.tr,kuveytturk.com.tr
nettest.kuveytturk.com.tr,kuveytturk.com.tr
oba.kuveytturk.com.tr,kuveytturk.com.tr
obawebcomponentsdev.kuveytturk.com.tr,kuveytturk.com.tr
obawebcomponentsprep.kuveytturk.com.tr,kuveytturk.com.tr
obawebcomponentstest.kuveytturk.com.tr,kuveytturk.com.tr
obaweb.kuveytturk.com.tr,kuveytturk.com.tr
odeme.kuveytturk.com.tr,kuveytturk.com.tr
odemetest.kuveytturk.com.tr,kuveytturk.com.tr
onay.kuveytturk.com.tr,kuveytturk.com.tr
onecomponents.kuveytturk.com.tr,kuveytturk.com.tr
online.kuveytturk.com.tr,kuveytturk.com.tr
oosmerkez.kuveytturk.com.tr,kuveytturk.com.tr
owa.kuveytturk.com.tr,kuveytturk.com.tr
ozelbankacilik.kuveytturk.com.tr,kuveytturk.com.tr
palmi.kuveytturk.com.tr,kuveytturk.com.tr
payment.kuveytturk.com.tr,kuveytturk.com.tr
paymentrequest-kuveytturk.bkmgateway.kuveytturk.com.tr,kuveytturk.com.tr
paymentrequest-kuveytturk.bkmidentityserver.kuveytturk.com.tr,kuveytturk.com.tr
paymentrequest-kuveytturk.bkmtestgateway.kuveytturk.com.tr,kuveytturk.com.tr
paymentrequest-kuveytturk.bkmtestidentityserver.kuveytturk.com.tr,kuveytturk.com.tr
pilot-kuveytturk-developer.kuveytturk.com.tr,kuveytturk.com.tr
pilot-kuveytturk-gateway.kuveytturk.com.tr,kuveytturk.com.tr
pilot-kuveytturk-identityserver.kuveytturk.com.tr,kuveytturk.com.tr
pilot-kuveytturk-portalapi.kuveytturk.com.tr,kuveytturk.com.tr
pos.kuveytturk.com.tr,kuveytturk.com.tr
prep-kuveytturk-developer.kuveytturk.com.tr,kuveytturk.com.tr
prep-kuveytturk-gateway.kuveytturk.com.tr,kuveytturk.com.tr
prep-kuveytturk-identityserver.kuveytturk.com.tr,kuveytturk.com.tr
prep-kuveytturk-portalapi.kuveytturk.com.tr,kuveytturk.com.tr
preprodisube.kuveytturk.com.tr,kuveytturk.com.tr
privatebanking.kuveytturk.com.tr,kuveytturk.com.tr
prod-kuveytturk.bkmgateway.kuveytturk.com.tr,kuveytturk.com.tr
prod-kuveytturk.bkmidentityserver.kuveytturk.com.tr,kuveytturk.com.tr
prod-kuveytturk-developer.kuveytturk.com.tr,kuveytturk.com.tr
prod-kuveytturk-gateway.kuveytturk.com.tr,kuveytturk.com.tr
prod-kuveytturk-identityserver.kuveytturk.com.tr,kuveytturk.com.tr
prod-kuveytturk-portalapi.kuveytturk.com.tr,kuveytturk.com.tr
psentry.kuveytturk.com.tr,kuveytturk.com.tr
pvim.kuveytturk.com.tr,kuveytturk.com.tr
rapor.kuveytturk.com.tr,kuveytturk.com.tr
raportest.kuveytturk.com.tr,kuveytturk.com.tr
sag.kuveytturk.com.tr,kuveytturk.com.tr
saglamkart.kuveytturk.com.tr,kuveytturk.com.tr
sanalpos.kuveytturk.com.tr,kuveytturk.com.tr
sanalposprep.kuveytturk.com.tr,kuveytturk.com.tr
sanalpostest.kuveytturk.com.tr,kuveytturk.com.tr
satinalma.kuveytturk.com.tr,kuveytturk.com.tr
selim-prod.kuveytturk.com.tr,kuveytturk.com.tr
selim-test.kuveytturk.com.tr,kuveytturk.com.tr
sfbextwebdrc.kuveytturk.com.tr,kuveytturk.com.tr
sfbextweb.kuveytturk.com.tr,kuveytturk.com.tr
sftp.kuveytturk.com.tr,kuveytturk.com.tr
signalast.kuveytturk.com.tr,kuveytturk.com.tr
signalastprep.kuveytturk.com.tr,kuveytturk.com.tr
signalasttest.kuveytturk.com.tr,kuveytturk.com.tr
sipdrc.kuveytturk.com.tr,kuveytturk.com.tr
sm.kuveytturk.com.tr,kuveytturk.com.tr
sms.kuveytturk.com.tr,kuveytturk.com.tr
softposdev.kuveytturk.com.tr,kuveytturk.com.tr
softpos.kuveytturk.com.tr,kuveytturk.com.tr
softposprep.kuveytturk.com.tr,kuveytturk.com.tr
softpostest.kuveytturk.com.tr,kuveytturk.com.tr
srv.kuveytturk.com.tr,kuveytturk.com.tr
ssh.kuveytturk.com.tr,kuveytturk.com.tr
sts.kuveytturk.com.tr,kuveytturk.com.tr
ststest.kuveytturk.com.tr,kuveytturk.com.tr
sube.kuveytturk.com.tr,kuveytturk.com.tr
su.kuveytturk.com.tr,kuveytturk.com.tr
sura.kuveytturk.com.tr,kuveytturk.com.tr
swift.kuveytturk.com.tr,kuveytturk.com.tr
swifttest.kuveytturk.com.tr,kuveytturk.com.tr
tcore.kuveytturk.com.tr,kuveytturk.com.tr
teamssbc01.kuveytturk.com.tr,kuveytturk.com.tr
teamssbc2.kuveytturk.com.tr,kuveytturk.com.tr
teamssbc.kuveytturk.com.tr,kuveytturk.com.tr
test-kuveytturk.bkmtestgateway.kuveytturk.com.tr,kuveytturk.com.tr
test-kuveytturk.bkmtestidentityserver.kuveytturk.com.tr,kuveytturk.com.tr
test-kuveytturk-developer.kuveytturk.com.tr,kuveytturk.com.tr
test-kuveytturk-gateway.kuveytturk.com.tr,kuveytturk.com.tr
test-kuveytturk-identityserver.kuveytturk.com.tr,kuveytturk.com.tr
test-kuveytturk-portalapi.kuveytturk.com.tr,kuveytturk.com.tr
tradeplus.kuveytturk.com.tr,kuveytturk.com.tr
tradeplustest.kuveytturk.com.tr,kuveytturk.com.tr
tsentry.kuveytturk.com.tr,kuveytturk.com.tr
visa.kuveytturk.com.tr,kuveytturk.com.tr
visatest.kuveytturk.com.tr,kuveytturk.com.tr
vpn.kuveytturk.com.tr,kuveytturk.com.tr
www.kuveytturk.com.tr,kuveytturk.com.tr
www.seninbankan.kuveytturk.com.tr,kuveytturk.com.tr
xcurrent.kuveytturk.com.tr,kuveytturk.com.tr
xcurrenttest.kuveytturk.com.tr,kuveytturk.com.tr
yos-kuveytturk.bkmgateway.kuveytturk.com.tr,kuveytturk.com.tr
yos-kuveytturk.bkmidentityserver.kuveytturk.com.tr,kuveytturk.com.tr
yos-kuveytturk.bkmtestgateway.kuveytturk.com.tr,kuveytturk.com.tr
yos-kuveytturk.bkmtestidentityserver.kuveytturk.com.tr,kuveytturk.com.tr
yukke.kuveytturk.com.tr,kuveytturk.com.tr
yukle.kuveytturk.com.tr,kuveytturk.com.tr
iptest.kuveytturk.com.tr,kuveytturk.com.tr
developer.kuveytturk.com.tr,kuveytturk.com.tr
dev-gateway.kuveytturk.com.tr,kuveytturk.com.tr
dev-identity.kuveytturk.com.tr,kuveytturk.com.tr
gateway.kuveytturk.com.tr,kuveytturk.com.tr
identity.kuveytturk.com.tr,kuveytturk.com.tr
ktcmg01.kuveytturk.com.tr,kuveytturk.com.tr
kt.kuveytturk.com.tr,kuveytturk.com.tr
ktmdms.kuveytturk.com.tr,kuveytturk.com.tr
lyncdiscover.kuveytturk.com.tr,kuveytturk.com.tr
prep-gateway.kuveytturk.com.tr,kuveytturk.com.tr
prep-identity.kuveytturk.com.tr,kuveytturk.com.tr
sip.kuveytturk.com.tr,kuveytturk.com.tr
test-gateway.kuveytturk.com.tr,kuveytturk.com.tr
test-identity.kuveytturk.com.tr,kuveytturk.com.tr
altingonder.com,altingonder.com
www.altingonder.com,altingonder.com
altinkiosk.com,altinkiosk.com
www.altinkiosk.com,altinkiosk.com
altinverenatm.com,altinverenatm.com
www.altinverenatm.com,altinverenatm.com
atmaltini.com,atmaltini.com
www.atmaltini.com,atmaltini.com
mail.bilgi.kuveytturk.com.tr,bilgi.kuveytturk.com.tr
prod-kuveytturk.bkmgateway.kuveytturk.com.tr,bkmgateway.kuveytturk.com.tr
prod-kuveytturk.bkmidentityserver.kuveytturk.com.tr,bkmidentityserver.kuveytturk.com.tr
test-kuveytturk.bkmtestgateway.kuveytturk.com.tr,bkmtestgateway.kuveytturk.com.tr
test-kuveytturk.bkmtestidentityserver.kuveytturk.com.tr,bkmtestidentityserver.kuveytturk.com.tr
gelecegeyazilim.com,gelecegeyazilim.com
www.gelecegeyazilim.com,gelecegeyazilim.com
katilbize.com,katilbize.com
mail.katilbize.com,katilbize.com
www.katilbize.com,katilbize.com
katilbize.com.tr,katilbize.com.tr
www.katilbize.com.tr,katilbize.com.tr
katilimhesabi.com,katilimhesabi.com
www.katilimhesabi.com,katilimhesabi.com
katilmahesabi.com,katilmahesabi.com
www.katilmahesabi.com,katilmahesabi.com
kfhnetwork.com,kfhnetwork.com
mail3.kfhnetwork.com,kfhnetwork.com
www.kfhnetwork.com,kfhnetwork.com
crm.korfezgyo.com.tr,korfezgyo.com.tr
korfezgyo.com.tr,korfezgyo.com.tr
owa.korfezgyo.com.tr,korfezgyo.com.tr
www.korfezgyo.com.tr,korfezgyo.com.tr
autodiscover.korfezgyo.com.tr,korfezgyo.com.tr
enterpriseenrollment.korfezgyo.com.tr,korfezgyo.com.tr
lyncdiscover.korfezgyo.com.tr,korfezgyo.com.tr
sip.korfezgyo.com.tr,korfezgyo.com.tr
mail.ktanalytics.net,ktanalytics.net
www.ktanalytics.net,ktanalytics.net
av.ktbulut.com.tr,ktbulut.com.tr
lc.ktbulut.com.tr,ktbulut.com.tr
mail.ktbulut.com.tr,ktbulut.com.tr
sag.ktbulut.com.tr,ktbulut.com.tr
sftp.ktbulut.com.tr,ktbulut.com.tr
vpn.ktbulut.com.tr,ktbulut.com.tr
login.kteyks.com,kteyks.com
autodiscover.ktsaglamgayrimenkul.com.tr,ktsaglamgayrimenkul.com.tr
selector1._domainkey.ktsaglamgayrimenkul.com.tr,ktsaglamgayrimenkul.com.tr
selector2._domainkey.ktsaglamgayrimenkul.com.tr,ktsaglamgayrimenkul.com.tr
ktsukuk.com.tr,ktsukuk.com.tr
lists.ktsukuk.com.tr,ktsukuk.com.tr
mail.ktsukuk.com.tr,ktsukuk.com.tr
mssql.ktsukuk.com.tr,ktsukuk.com.tr
ns.ktsukuk.com.tr,ktsukuk.com.tr
sitebuilder.ktsukuk.com.tr,ktsukuk.com.tr
webmail.ktsukuk.com.tr,ktsukuk.com.tr
ftp.ktsukuk.com.tr,ktsukuk.com.tr
www.ktsukuk.com.tr,ktsukuk.com.tr
email.kurumsalbildirim.com,kurumsalbildirim.com
kurumsalbildirim.com,kurumsalbildirim.com
mail.kurumsalbildirim.com,kurumsalbildirim.com
www.kurumsalbildirim.com,kurumsalbildirim.com
kuveytturkakademi.com,kuveytturkakademi.com
saglamkalem.kuveytturkakademi.com,kuveytturkakademi.com
tv.kuveytturkakademi.com,kuveytturkakademi.com
www.kuveytturkakademi.com,kuveytturkakademi.com
kuveytturk.business,kuveytturk.business
www.kuveytturk.business,kuveytturk.business
autodiscover.kuveytturk.com,kuveytturk.com
bas.kuveytturk.com,kuveytturk.com
egitim.kuveytturk.com,kuveytturk.com
kuveytturk.com,kuveytturk.com
mail3.kuveytturk.com,kuveytturk.com
m.kuveytturk.com,kuveytturk.com
www.kuveytturk.com,kuveytturk.com
kuveytturk.company,kuveytturk.company
www.kuveytturk.company,kuveytturk.company
kuveytturkfinans.com,kuveytturkfinans.com
www.kuveytturkfinans.com,kuveytturkfinans.com
kuveytturkgayrimenkul.com,kuveytturkgayrimenkul.com
www.kuveytturkgayrimenkul.com,kuveytturkgayrimenkul.com
www.kuveytturk.info,kuveytturk.info
kuveytturk.me,kuveytturk.me
www.kuveytturk.me,kuveytturk.me
kuveytturk.net,kuveytturk.net
www.kuveytturk.net,kuveytturk.net
kuveytturkozel.com.tr,kuveytturkozel.com.tr
mail2.kuveytturkozel.com.tr,kuveytturkozel.com.tr
mail3.kuveytturkozel.com.tr,kuveytturkozel.com.tr
www.kuveytturkozel.com.tr,kuveytturkozel.com.tr
drcvpn.kuveytturkportfoy.com.tr,kuveytturkportfoy.com.tr
kuveytturkportfoy.com.tr,kuveytturkportfoy.com.tr
vpn.kuveytturkportfoy.com.tr,kuveytturkportfoy.com.tr
www.kuveytturkportfoy.com.tr,kuveytturkportfoy.com.tr
apisix-gw.kuveytturkyatirim.com.tr,kuveytturkyatirim.com.tr
apisix-gw-prep.kuveytturkyatirim.com.tr,kuveytturkyatirim.com.tr
bireyselsaklamaapi.kuveytturkyatirim.com.tr,kuveytturkyatirim.com.tr
bireyselsaklama.kuveytturkyatirim.com.tr,kuveytturkyatirim.com.tr
efatura.kuveytturkyatirim.com.tr,kuveytturkyatirim.com.tr
forinvest.kuveytturkyatirim.com.tr,kuveytturkyatirim.com.tr
halkaarz.kuveytturkyatirim.com.tr,kuveytturkyatirim.com.tr
infina-extrade.kuveytturkyatirim.com.tr,kuveytturkyatirim.com.tr
kuveytturkyatirim.com.tr,kuveytturkyatirim.com.tr
mail.kuveytturkyatirim.com.tr,kuveytturkyatirim.com.tr
matriks.kuveytturkyatirim.com.tr,kuveytturkyatirim.com.tr
mobileforinvest.kuveytturkyatirim.com.tr,kuveytturkyatirim.com.tr
owa.kuveytturkyatirim.com.tr,kuveytturkyatirim.com.tr
unica.kuveytturkyatirim.com.tr,kuveytturkyatirim.com.tr
www.kuveytturkyatirim.com.tr,kuveytturkyatirim.com.tr
autodiscover.kuveytturkyatirim.com.tr,kuveytturkyatirim.com.tr
ins2._domainkey.kuveytturkyatirim.com.tr,kuveytturkyatirim.com.tr
ins._domainkey.kuveytturkyatirim.com.tr,kuveytturkyatirim.com.tr
ins.kuveytturkyatirim.com.tr,kuveytturkyatirim.com.tr
selector1._domainkey.kuveytturkyatirim.com.tr,kuveytturkyatirim.com.tr
selector2._domainkey.kuveytturkyatirim.com.tr,kuveytturkyatirim.com.tr
mail.propertyturk.net,propertyturk.net
propertyturk.net,propertyturk.net
www.propertyturk.net,propertyturk.net
mail2.saglamaltin.com.tr,saglamaltin.com.tr
saglamaltin.com.tr,saglamaltin.com.tr
www.saglamaltin.com.tr,saglamaltin.com.tr
mail.saglamemeklilik.com,saglamemeklilik.com
saglamemeklilik.com,saglamemeklilik.com
www.saglamemeklilik.com,saglamemeklilik.com
mail.saglamfikir.com,saglamfikir.com
saglamfikir.com,saglamfikir.com
www.saglamfikir.com,saglamfikir.com
yonetim.saglamfikir.com,saglamfikir.com
saglamfinans.com,saglamfinans.com
www.saglamfinans.com,saglamfinans.com
saglamkart.com.tr,saglamkart.com.tr
www.saglamkart.com.tr,saglamkart.com.tr
api-saglampay-airapigateway.saglampay.com.tr,saglampay.com.tr
api-saglampay-airapigatewaytest.saglampay.com.tr,saglampay.com.tr
api-saglampay-airapiidentityserver.saglampay.com.tr,saglampay.com.tr
api-saglampay-airapiidentityservertest.saglampay.com.tr,saglampay.com.tr
autodiscover.saglampay.com.tr,saglampay.com.tr
boatest.saglampay.com.tr,saglampay.com.tr
corporate-api.saglampay.com.tr,saglampay.com.tr
corporate-api-test.saglampay.com.tr,saglampay.com.tr
corporate.saglampay.com.tr,saglampay.com.tr
corporate-test.saglampay.com.tr,saglampay.com.tr
externalapi.saglampay.com.tr,saglampay.com.tr
externalapitest.saglampay.com.tr,saglampay.com.tr
hhs-saglampay-airapigateway.saglampay.com.tr,saglampay.com.tr
hhs-saglampay-airapigatewaytest.saglampay.com.tr,saglampay.com.tr
hhs-saglampay-airapiidentityserver.saglampay.com.tr,saglampay.com.tr
hhs-saglampay-airapiidentityservertest.saglampay.com.tr,saglampay.com.tr
kyc.saglampay.com.tr,saglampay.com.tr
kyctest.saglampay.com.tr,saglampay.com.tr
mail.saglampay.com.tr,saglampay.com.tr
merchant-api.saglampay.com.tr,saglampay.com.tr
merchant-api-test.saglampay.com.tr,saglampay.com.tr
merchant.saglampay.com.tr,saglampay.com.tr
merchant-test.saglampay.com.tr,saglampay.com.tr
obawebtest.saglampay.com.tr,saglampay.com.tr
owa.saglampay.com.tr,saglampay.com.tr
page-api.saglampay.com.tr,saglampay.com.tr
page-api-test.saglampay.com.tr,saglampay.com.tr
pf-api.saglampay.com.tr,saglampay.com.tr
pf-api-test.saglampay.com.tr,saglampay.com.tr
pos.saglampay.com.tr,saglampay.com.tr
pos-test.saglampay.com.tr,saglampay.com.tr
pwfcoreapi.saglampay.com.tr,saglampay.com.tr
saglampay.com.tr,saglampay.com.tr
t-pwfcoreapi.saglampay.com.tr,saglampay.com.tr
wallet-api.saglampay.com.tr,saglampay.com.tr
wallet-api-test.saglampay.com.tr,saglampay.com.tr
web-api.saglampay.com.tr,saglampay.com.tr
web-api-test.saglampay.com.tr,saglampay.com.tr
web.saglampay.com.tr,saglampay.com.tr
web-test.saglampay.com.tr,saglampay.com.tr
www.saglampay.com.tr,saglampay.com.tr
yos-saglampay-airapideveloper.saglampay.com.tr,saglampay.com.tr
yos-saglampay-airapigateway.saglampay.com.tr,saglampay.com.tr
yos-saglampay-airapigatewaytest.saglampay.com.tr,saglampay.com.tr
yos-saglampay-airapiidentityserver.saglampay.com.tr,saglampay.com.tr
yos-saglampay-airapiidentityservertest.saglampay.com.tr,saglampay.com.tr
yos-saglampay-airapiportalapi.saglampay.com.tr,saglampay.com.tr
yos-saglampay-airapitestdeveloper.saglampay.com.tr,saglampay.com.tr
yos-saglampay-airapitestportalapi.saglampay.com.tr,saglampay.com.tr
sizcard.com,sizcard.com
www.sizcard.com,sizcard.com
sizcard.net,sizcard.net
www.sizcard.net,sizcard.net
mail.tradeplus.com.tr,tradeplus.com.tr
tradeplus.com.tr,tradeplus.com.tr
www.tradeplus.com.tr,tradeplus.com.tr
,